date,year,count,doy
1998-07-23,1998,4,204
1999-07-23,1999,NA,204
2000-07-23,2000,2,205
2001-07-23,2001,4,204
2002-07-23,2002,3,204
2003-07-23,2003,4,204
2004-07-23,2004,3,205
2005-07-23,2005,3,204
2006-07-23,2006,4,204
2007-07-23,2007,NA,204
2008-07-23,2008,4,205
2009-07-23,2009,6,204
2010-07-23,2010,3,204
2011-07-23,2011,NA,204
2012-07-23,2012,3,205
2013-07-23,2013,5,204
2014-07-23,2014,0,204
2015-07-23,2015,6,204
2016-07-23,2016,10,205
2017-07-23,2017,9,204
2018-07-23,2018,10,204
2019-07-23,2019,5,204
2020-07-23,2020,3,205
2021-07-23,2021,10,204
2022-07-23,2022,4,204
2023-07-23,2023,8,204
1998-07-24,1998,7,205
1999-07-24,1999,NA,205
2000-07-24,2000,0,206
2001-07-24,2001,3,205
2002-07-24,2002,4,205
2003-07-24,2003,5,205
2004-07-24,2004,3,206
2005-07-24,2005,4,205
2006-07-24,2006,2,205
2007-07-24,2007,NA,205
2008-07-24,2008,0,206
2009-07-24,2009,1,205
2010-07-24,2010,0,205
2011-07-24,2011,5,205
2012-07-24,2012,4,206
2013-07-24,2013,3,205
2014-07-24,2014,6,205
2015-07-24,2015,0,205
2016-07-24,2016,2,206
2017-07-24,2017,6,205
2018-07-24,2018,6,205
2019-07-24,2019,8,205
2020-07-24,2020,8,206
2021-07-24,2021,21,205
2022-07-24,2022,2,205
2023-07-24,2023,1,205
1998-07-25,1998,4,206
1999-07-25,1999,6,206
2000-07-25,2000,2,207
2001-07-25,2001,3,206
2002-07-25,2002,7,206
2003-07-25,2003,4,206
2004-07-25,2004,5,207
2005-07-25,2005,6,206
2006-07-25,2006,1,206
2007-07-25,2007,NA,206
2008-07-25,2008,1,207
2009-07-25,2009,2,206
2010-07-25,2010,0,206
2011-07-25,2011,4,206
2012-07-25,2012,NA,207
2013-07-25,2013,3,206
2014-07-25,2014,5,206
2015-07-25,2015,6,206
2016-07-25,2016,7,207
2017-07-25,2017,10,206
2018-07-25,2018,4,206
2019-07-25,2019,12,206
2020-07-25,2020,6,207
2021-07-25,2021,18,206
2022-07-25,2022,4,206
2023-07-25,2023,2,206
1998-07-26,1998,0,207
1999-07-26,1999,4,207
2000-07-26,2000,0,208
2001-07-26,2001,2,207
2002-07-26,2002,6,207
2003-07-26,2003,5,207
2004-07-26,2004,4,208
2005-07-26,2005,6,207
2006-07-26,2006,2,207
2007-07-26,2007,NA,207
2008-07-26,2008,1,208
2009-07-26,2009,1,207
2010-07-26,2010,2,207
2011-07-26,2011,6,207
2012-07-26,2012,3,208
2013-07-26,2013,6,207
2014-07-26,2014,4,207
2015-07-26,2015,13,207
2016-07-26,2016,7,208
2017-07-26,2017,4,207
2018-07-26,2018,3,207
2019-07-26,2019,4,207
2020-07-26,2020,3,208
2021-07-26,2021,8,207
2022-07-26,2022,1,207
2023-07-26,2023,4,207
1998-07-27,1998,0,208
1999-07-27,1999,7,208
2000-07-27,2000,NA,209
2001-07-27,2001,9,208
2002-07-27,2002,5,208
2003-07-27,2003,1,208
2004-07-27,2004,1,209
2005-07-27,2005,1,208
2006-07-27,2006,2,208
2007-07-27,2007,NA,208
2008-07-27,2008,11,209
2009-07-27,2009,NA,208
2010-07-27,2010,1,208
2011-07-27,2011,4,208
2012-07-27,2012,NA,209
2013-07-27,2013,13,208
2014-07-27,2014,3,208
2015-07-27,2015,4,208
2016-07-27,2016,10,209
2017-07-27,2017,4,208
2018-07-27,2018,2,208
2019-07-27,2019,9,208
2020-07-27,2020,3,209
2021-07-27,2021,5,208
2022-07-27,2022,6,208
2023-07-27,2023,4,208
1998-07-28,1998,1,209
1999-07-28,1999,4,209
2000-07-28,2000,NA,210
2001-07-28,2001,10,209
2002-07-28,2002,7,209
2003-07-28,2003,6,209
2004-07-28,2004,1,210
2005-07-28,2005,8,209
2006-07-28,2006,2,209
2007-07-28,2007,NA,209
2008-07-28,2008,NA,210
2009-07-28,2009,NA,209
2010-07-28,2010,7,209
2011-07-28,2011,NA,209
2012-07-28,2012,4,210
2013-07-28,2013,16,209
2014-07-28,2014,4,209
2015-07-28,2015,5,209
2016-07-28,2016,1,210
2017-07-28,2017,6,209
2018-07-28,2018,11,209
2019-07-28,2019,1,209
2020-07-28,2020,11,210
2021-07-28,2021,18,209
2022-07-28,2022,2,209
2023-07-28,2023,4,209
1998-07-29,1998,0,210
1999-07-29,1999,5,210
2000-07-29,2000,0,211
2001-07-29,2001,2,210
2002-07-29,2002,6,210
2003-07-29,2003,1,210
2004-07-29,2004,3,211
2005-07-29,2005,1,210
2006-07-29,2006,4,210
2007-07-29,2007,NA,210
2008-07-29,2008,NA,211
2009-07-29,2009,NA,210
2010-07-29,2010,8,210
2011-07-29,2011,4,210
2012-07-29,2012,NA,211
2013-07-29,2013,12,210
2014-07-29,2014,3,210
2015-07-29,2015,0,210
2016-07-29,2016,1,211
2017-07-29,2017,7,210
2018-07-29,2018,3,210
2019-07-29,2019,7,210
2020-07-29,2020,9,211
2021-07-29,2021,3,210
2022-07-29,2022,8,210
2023-07-29,2023,17,210
1998-07-30,1998,3,211
1999-07-30,1999,34,211
2000-07-30,2000,3,212
2001-07-30,2001,0,211
2002-07-30,2002,2,211
2003-07-30,2003,1,211
2004-07-30,2004,3,212
2005-07-30,2005,4,211
2006-07-30,2006,2,211
2007-07-30,2007,NA,211
2008-07-30,2008,NA,212
2009-07-30,2009,NA,211
2010-07-30,2010,3,211
2011-07-30,2011,6,211
2012-07-30,2012,4,212
2013-07-30,2013,NA,211
2014-07-30,2014,4,211
2015-07-30,2015,4,211
2016-07-30,2016,8,212
2017-07-30,2017,6,211
2018-07-30,2018,5,211
2019-07-30,2019,10,211
2020-07-30,2020,3,212
2021-07-30,2021,3,211
2022-07-30,2022,2,211
2023-07-30,2023,5,211
1998-07-31,1998,4,212
1999-07-31,1999,11,212
2000-07-31,2000,4,213
2001-07-31,2001,8,212
2002-07-31,2002,2,212
2003-07-31,2003,7,212
2004-07-31,2004,2,213
2005-07-31,2005,3,212
2006-07-31,2006,2,212
2007-07-31,2007,NA,212
2008-07-31,2008,NA,213
2009-07-31,2009,NA,212
2010-07-31,2010,3,212
2011-07-31,2011,2,212
2012-07-31,2012,3,213
2013-07-31,2013,14,212
2014-07-31,2014,0,212
2015-07-31,2015,0,212
2016-07-31,2016,10,213
2017-07-31,2017,7,212
2018-07-31,2018,16,212
2019-07-31,2019,3,212
2020-07-31,2020,12,213
2021-07-31,2021,8,212
2022-07-31,2022,0,212
2023-07-31,2023,11,212
1998-08-01,1998,6,213
1999-08-01,1999,5,213
2000-08-01,2000,0,214
2001-08-01,2001,2,213
2002-08-01,2002,6,213
2003-08-01,2003,5,213
2004-08-01,2004,3,214
2005-08-01,2005,4,213
2006-08-01,2006,3,213
2007-08-01,2007,NA,213
2008-08-01,2008,NA,214
2009-08-01,2009,5,213
2010-08-01,2010,12,213
2011-08-01,2011,2,213
2012-08-01,2012,1,214
2013-08-01,2013,9,213
2014-08-01,2014,2,213
2015-08-01,2015,2,213
2016-08-01,2016,7,214
2017-08-01,2017,NA,213
2018-08-01,2018,11,213
2019-08-01,2019,6,213
2020-08-01,2020,19,214
2021-08-01,2021,13,213
2022-08-01,2022,7,213
2023-08-01,2023,9,213
1998-08-02,1998,1,214
1999-08-02,1999,4,214
2000-08-02,2000,2,215
2001-08-02,2001,4,214
2002-08-02,2002,8,214
2003-08-02,2003,2,214
2004-08-02,2004,4,215
2005-08-02,2005,3,214
2006-08-02,2006,11,214
2007-08-02,2007,NA,214
2008-08-02,2008,3,215
2009-08-02,2009,2,214
2010-08-02,2010,10,214
2011-08-02,2011,NA,214
2012-08-02,2012,3,215
2013-08-02,2013,NA,214
2014-08-02,2014,6,214
2015-08-02,2015,1,214
2016-08-02,2016,12,215
2017-08-02,2017,NA,214
2018-08-02,2018,NA,214
2019-08-02,2019,12,214
2020-08-02,2020,7,215
2021-08-02,2021,14,214
2022-08-02,2022,7,214
2023-08-02,2023,4,214
1998-08-03,1998,2,215
1999-08-03,1999,5,215
2000-08-03,2000,2,216
2001-08-03,2001,NA,215
2002-08-03,2002,0,215
2003-08-03,2003,3,215
2004-08-03,2004,2,216
2005-08-03,2005,2,215
2006-08-03,2006,6,215
2007-08-03,2007,NA,215
2008-08-03,2008,2,216
2009-08-03,2009,4,215
2010-08-03,2010,2,215
2011-08-03,2011,NA,215
2012-08-03,2012,1,216
2013-08-03,2013,5,215
2014-08-03,2014,2,215
2015-08-03,2015,5,215
2016-08-03,2016,4,216
2017-08-03,2017,NA,215
2018-08-03,2018,NA,215
2019-08-03,2019,3,215
2020-08-03,2020,NA,216
2021-08-03,2021,17,215
2022-08-03,2022,12,215
2023-08-03,2023,6,215
1998-08-04,1998,1,216
1999-08-04,1999,5,216
2000-08-04,2000,2,217
2001-08-04,2001,NA,216
2002-08-04,2002,0,216
2003-08-04,2003,4,216
2004-08-04,2004,7,217
2005-08-04,2005,3,216
2006-08-04,2006,1,216
2007-08-04,2007,NA,216
2008-08-04,2008,1,217
2009-08-04,2009,NA,216
2010-08-04,2010,1,216
2011-08-04,2011,1,216
2012-08-04,2012,0,217
2013-08-04,2013,12,216
2014-08-04,2014,2,216
2015-08-04,2015,4,216
2016-08-04,2016,9,217
2017-08-04,2017,NA,216
2018-08-04,2018,7,216
2019-08-04,2019,3,216
2020-08-04,2020,6,217
2021-08-04,2021,11,216
2022-08-04,2022,7,216
2023-08-04,2023,18,216
1998-08-05,1998,NA,217
1999-08-05,1999,3,217
2000-08-05,2000,3,218
2001-08-05,2001,4,217
2002-08-05,2002,1,217
2003-08-05,2003,2,217
2004-08-05,2004,3,218
2005-08-05,2005,8,217
2006-08-05,2006,6,217
2007-08-05,2007,NA,217
2008-08-05,2008,NA,218
2009-08-05,2009,2,217
2010-08-05,2010,3,217
2011-08-05,2011,4,217
2012-08-05,2012,2,218
2013-08-05,2013,1,217
2014-08-05,2014,NA,217
2015-08-05,2015,6,217
2016-08-05,2016,13,218
2017-08-05,2017,5,217
2018-08-05,2018,9,217
2019-08-05,2019,11,217
2020-08-05,2020,19,218
2021-08-05,2021,16,217
2022-08-05,2022,3,217
2023-08-05,2023,2,217
1998-08-06,1998,2,218
1999-08-06,1999,0,218
2000-08-06,2000,7,219
2001-08-06,2001,12,218
2002-08-06,2002,0,218
2003-08-06,2003,16,218
2004-08-06,2004,NA,219
2005-08-06,2005,10,218
2006-08-06,2006,7,218
2007-08-06,2007,NA,218
2008-08-06,2008,2,219
2009-08-06,2009,0,218
2010-08-06,2010,18,218
2011-08-06,2011,2,218
2012-08-06,2012,5,219
2013-08-06,2013,2,218
2014-08-06,2014,3,218
2015-08-06,2015,4,218
2016-08-06,2016,7,219
2017-08-06,2017,2,218
2018-08-06,2018,14,218
2019-08-06,2019,8,218
2020-08-06,2020,15,219
2021-08-06,2021,9,218
2022-08-06,2022,3,218
2023-08-06,2023,7,218
1998-08-07,1998,5,219
1999-08-07,1999,10,219
2000-08-07,2000,2,220
2001-08-07,2001,8,219
2002-08-07,2002,4,219
2003-08-07,2003,2,219
2004-08-07,2004,4,220
2005-08-07,2005,3,219
2006-08-07,2006,4,219
2007-08-07,2007,NA,219
2008-08-07,2008,NA,220
2009-08-07,2009,7,219
2010-08-07,2010,NA,219
2011-08-07,2011,3,219
2012-08-07,2012,6,220
2013-08-07,2013,3,219
2014-08-07,2014,3,219
2015-08-07,2015,4,219
2016-08-07,2016,1,220
2017-08-07,2017,2,219
2018-08-07,2018,NA,219
2019-08-07,2019,16,219
2020-08-07,2020,5,220
2021-08-07,2021,2,219
2022-08-07,2022,3,219
2023-08-07,2023,6,219
1998-08-08,1998,2,220
1999-08-08,1999,7,220
2000-08-08,2000,2,221
2001-08-08,2001,2,220
2002-08-08,2002,3,220
2003-08-08,2003,0,220
2004-08-08,2004,4,221
2005-08-08,2005,1,220
2006-08-08,2006,0,220
2007-08-08,2007,NA,220
2008-08-08,2008,1,221
2009-08-08,2009,2,220
2010-08-08,2010,14,220
2011-08-08,2011,3,220
2012-08-08,2012,12,221
2013-08-08,2013,6,220
2014-08-08,2014,4,220
2015-08-08,2015,4,220
2016-08-08,2016,6,221
2017-08-08,2017,NA,220
2018-08-08,2018,NA,220
2019-08-08,2019,15,220
2020-08-08,2020,13,221
2021-08-08,2021,15,220
2022-08-08,2022,1,220
2023-08-08,2023,14,220
1998-08-09,1998,3,221
1999-08-09,1999,1,221
2000-08-09,2000,4,222
2001-08-09,2001,10,221
2002-08-09,2002,7,221
2003-08-09,2003,3,221
2004-08-09,2004,3,222
2005-08-09,2005,7,221
2006-08-09,2006,3,221
2007-08-09,2007,NA,221
2008-08-09,2008,3,222
2009-08-09,2009,NA,221
2010-08-09,2010,4,221
2011-08-09,2011,5,221
2012-08-09,2012,8,222
2013-08-09,2013,3,221
2014-08-09,2014,4,221
2015-08-09,2015,6,221
2016-08-09,2016,6,222
2017-08-09,2017,2,221
2018-08-09,2018,NA,221
2019-08-09,2019,13,221
2020-08-09,2020,6,222
2021-08-09,2021,12,221
2022-08-09,2022,10,221
2023-08-09,2023,9,221
1998-08-10,1998,3,222
1999-08-10,1999,4,222
2000-08-10,2000,3,223
2001-08-10,2001,3,222
2002-08-10,2002,5,222
2003-08-10,2003,5,222
2004-08-10,2004,9,223
2005-08-10,2005,23,222
2006-08-10,2006,NA,222
2007-08-10,2007,NA,222
2008-08-10,2008,0,223
2009-08-10,2009,NA,222
2010-08-10,2010,2,222
2011-08-10,2011,4,222
2012-08-10,2012,0,223
2013-08-10,2013,3,222
2014-08-10,2014,0,222
2015-08-10,2015,6,222
2016-08-10,2016,20,223
2017-08-10,2017,1,222
2018-08-10,2018,NA,222
2019-08-10,2019,7,222
2020-08-10,2020,20,223
2021-08-10,2021,6,222
2022-08-10,2022,13,222
2023-08-10,2023,15,222
1998-08-11,1998,3,223
1999-08-11,1999,7,223
2000-08-11,2000,3,224
2001-08-11,2001,15,223
2002-08-11,2002,4,223
2003-08-11,2003,3,223
2004-08-11,2004,4,224
2005-08-11,2005,8,223
2006-08-11,2006,10,223
2007-08-11,2007,NA,223
2008-08-11,2008,1,224
2009-08-11,2009,NA,223
2010-08-11,2010,8,223
2011-08-11,2011,8,223
2012-08-11,2012,4,224
2013-08-11,2013,6,223
2014-08-11,2014,1,223
2015-08-11,2015,2,223
2016-08-11,2016,7,224
2017-08-11,2017,3,223
2018-08-11,2018,5,223
2019-08-11,2019,30,223
2020-08-11,2020,7,224
2021-08-11,2021,5,223
2022-08-11,2022,12,223
2023-08-11,2023,5,223
1998-08-12,1998,2,224
1999-08-12,1999,NA,224
2000-08-12,2000,0,225
2001-08-12,2001,22,224
2002-08-12,2002,3,224
2003-08-12,2003,8,224
2004-08-12,2004,6,225
2005-08-12,2005,2,224
2006-08-12,2006,3,224
2007-08-12,2007,NA,224
2008-08-12,2008,0,225
2009-08-12,2009,2,224
2010-08-12,2010,6,224
2011-08-12,2011,3,224
2012-08-12,2012,7,225
2013-08-12,2013,2,224
2014-08-12,2014,3,224
2015-08-12,2015,1,224
2016-08-12,2016,18,225
2017-08-12,2017,5,224
2018-08-12,2018,8,224
2019-08-12,2019,3,224
2020-08-12,2020,9,225
2021-08-12,2021,6,224
2022-08-12,2022,12,224
2023-08-12,2023,8,224
1998-08-13,1998,0,225
1999-08-13,1999,3,225
2000-08-13,2000,2,226
2001-08-13,2001,17,225
2002-08-13,2002,0,225
2003-08-13,2003,4,225
2004-08-13,2004,2,226
2005-08-13,2005,3,225
2006-08-13,2006,1,225
2007-08-13,2007,NA,225
2008-08-13,2008,0,226
2009-08-13,2009,5,225
2010-08-13,2010,4,225
2011-08-13,2011,6,225
2012-08-13,2012,10,226
2013-08-13,2013,7,225
2014-08-13,2014,0,225
2015-08-13,2015,4,225
2016-08-13,2016,8,226
2017-08-13,2017,8,225
2018-08-13,2018,NA,225
2019-08-13,2019,3,225
2020-08-13,2020,16,226
2021-08-13,2021,5,225
2022-08-13,2022,3,225
2023-08-13,2023,14,225
1998-08-14,1998,3,226
1999-08-14,1999,NA,226
2000-08-14,2000,2,227
2001-08-14,2001,10,226
2002-08-14,2002,4,226
2003-08-14,2003,3,226
2004-08-14,2004,0,227
2005-08-14,2005,3,226
2006-08-14,2006,3,226
2007-08-14,2007,NA,226
2008-08-14,2008,1,227
2009-08-14,2009,3,226
2010-08-14,2010,2,226
2011-08-14,2011,4,226
2012-08-14,2012,8,227
2013-08-14,2013,3,226
2014-08-14,2014,3,226
2015-08-14,2015,7,226
2016-08-14,2016,12,227
2017-08-14,2017,NA,226
2018-08-14,2018,NA,226
2019-08-14,2019,8,226
2020-08-14,2020,16,227
2021-08-14,2021,14,226
2022-08-14,2022,10,226
2023-08-14,2023,4,226
1998-08-15,1998,0,227
1999-08-15,1999,NA,227
2000-08-15,2000,1,228
2001-08-15,2001,29,227
2002-08-15,2002,4,227
2003-08-15,2003,4,227
2004-08-15,2004,6,228
2005-08-15,2005,4,227
2006-08-15,2006,2,227
2007-08-15,2007,NA,227
2008-08-15,2008,0,228
2009-08-15,2009,6,227
2010-08-15,2010,1,227
2011-08-15,2011,2,227
2012-08-15,2012,4,228
2013-08-15,2013,11,227
2014-08-15,2014,4,227
2015-08-15,2015,18,227
2016-08-15,2016,NA,228
2017-08-15,2017,NA,227
2018-08-15,2018,24,227
2019-08-15,2019,14,227
2020-08-15,2020,8,228
2021-08-15,2021,21,227
2022-08-15,2022,6,227
2023-08-15,2023,5,227
1998-08-16,1998,4,228
1999-08-16,1999,0,228
2000-08-16,2000,1,229
2001-08-16,2001,NA,228
2002-08-16,2002,2,228
2003-08-16,2003,4,228
2004-08-16,2004,9,229
2005-08-16,2005,8,228
2006-08-16,2006,5,228
2007-08-16,2007,NA,228
2008-08-16,2008,NA,229
2009-08-16,2009,5,228
2010-08-16,2010,8,228
2011-08-16,2011,3,228
2012-08-16,2012,1,229
2013-08-16,2013,6,228
2014-08-16,2014,4,228
2015-08-16,2015,2,228
2016-08-16,2016,NA,229
2017-08-16,2017,3,228
2018-08-16,2018,23,228
2019-08-16,2019,10,228
2020-08-16,2020,17,229
2021-08-16,2021,6,228
2022-08-16,2022,17,228
2023-08-16,2023,3,228
1998-08-17,1998,NA,229
1999-08-17,1999,5,229
2000-08-17,2000,7,230
2001-08-17,2001,14,229
2002-08-17,2002,16,229
2003-08-17,2003,20,229
2004-08-17,2004,4,230
2005-08-17,2005,0,229
2006-08-17,2006,4,229
2007-08-17,2007,NA,229
2008-08-17,2008,NA,230
2009-08-17,2009,5,229
2010-08-17,2010,NA,229
2011-08-17,2011,4,229
2012-08-17,2012,4,230
2013-08-17,2013,3,229
2014-08-17,2014,4,229
2015-08-17,2015,2,229
2016-08-17,2016,NA,230
2017-08-17,2017,4,229
2018-08-17,2018,NA,229
2019-08-17,2019,5,229
2020-08-17,2020,36,230
2021-08-17,2021,5,229
2022-08-17,2022,5,229
2023-08-17,2023,13,229
1998-08-18,1998,2,230
1999-08-18,1999,7,230
2000-08-18,2000,0,231
2001-08-18,2001,12,230
2002-08-18,2002,4,230
2003-08-18,2003,6,230
2004-08-18,2004,4,231
2005-08-18,2005,5,230
2006-08-18,2006,5,230
2007-08-18,2007,NA,230
2008-08-18,2008,NA,231
2009-08-18,2009,2,230
2010-08-18,2010,5,230
2011-08-18,2011,4,230
2012-08-18,2012,7,231
2013-08-18,2013,14,230
2014-08-18,2014,NA,230
2015-08-18,2015,2,230
2016-08-18,2016,NA,231
2017-08-18,2017,4,230
2018-08-18,2018,8,230
2019-08-18,2019,16,230
2020-08-18,2020,10,231
2021-08-18,2021,2,230
2022-08-18,2022,2,230
2023-08-18,2023,13,230
1998-08-19,1998,2,231
1999-08-19,1999,0,231
2000-08-19,2000,5,232
2001-08-19,2001,9,231
2002-08-19,2002,2,231
2003-08-19,2003,3,231
2004-08-19,2004,4,232
2005-08-19,2005,4,231
2006-08-19,2006,2,231
2007-08-19,2007,NA,231
2008-08-19,2008,NA,232
2009-08-19,2009,2,231
2010-08-19,2010,15,231
2011-08-19,2011,1,231
2012-08-19,2012,7,232
2013-08-19,2013,1,231
2014-08-19,2014,4,231
2015-08-19,2015,3,231
2016-08-19,2016,NA,232
2017-08-19,2017,15,231
2018-08-19,2018,7,231
2019-08-19,2019,10,231
2020-08-19,2020,13,232
2021-08-19,2021,6,231
2022-08-19,2022,10,231
2023-08-19,2023,2,231
1998-08-20,1998,10,232
1999-08-20,1999,NA,232
2000-08-20,2000,3,233
2001-08-20,2001,10,232
2002-08-20,2002,5,232
2003-08-20,2003,4,232
2004-08-20,2004,4,233
2005-08-20,2005,6,232
2006-08-20,2006,1,232
2007-08-20,2007,NA,232
2008-08-20,2008,NA,233
2009-08-20,2009,NA,232
2010-08-20,2010,7,232
2011-08-20,2011,3,232
2012-08-20,2012,6,233
2013-08-20,2013,8,232
2014-08-20,2014,0,232
2015-08-20,2015,9,232
2016-08-20,2016,12,233
2017-08-20,2017,4,232
2018-08-20,2018,6,232
2019-08-20,2019,8,232
2020-08-20,2020,7,233
2021-08-20,2021,3,232
2022-08-20,2022,6,232
2023-08-20,2023,4,232
1998-08-21,1998,4,233
1999-08-21,1999,6,233
2000-08-21,2000,4,234
2001-08-21,2001,NA,233
2002-08-21,2002,3,233
2003-08-21,2003,5,233
2004-08-21,2004,0,234
2005-08-21,2005,5,233
2006-08-21,2006,2,233
2007-08-21,2007,NA,233
2008-08-21,2008,NA,234
2009-08-21,2009,2,233
2010-08-21,2010,7,233
2011-08-21,2011,4,233
2012-08-21,2012,3,234
2013-08-21,2013,NA,233
2014-08-21,2014,2,233
2015-08-21,2015,5,233
2016-08-21,2016,8,234
2017-08-21,2017,2,233
2018-08-21,2018,8,233
2019-08-21,2019,5,233
2020-08-21,2020,0,234
2021-08-21,2021,6,233
2022-08-21,2022,9,233
2023-08-21,2023,14,233
1998-08-22,1998,NA,234
1999-08-22,1999,7,234
2000-08-22,2000,5,235
2001-08-22,2001,NA,234
2002-08-22,2002,4,234
2003-08-22,2003,5,234
2004-08-22,2004,12,235
2005-08-22,2005,5,234
2006-08-22,2006,1,234
2007-08-22,2007,NA,234
2008-08-22,2008,NA,235
2009-08-22,2009,6,234
2010-08-22,2010,7,234
2011-08-22,2011,NA,234
2012-08-22,2012,4,235
2013-08-22,2013,10,234
2014-08-22,2014,5,234
2015-08-22,2015,2,234
2016-08-22,2016,22,235
2017-08-22,2017,6,234
2018-08-22,2018,32,234
2019-08-22,2019,5,234
2020-08-22,2020,17,235
2021-08-22,2021,8,234
2022-08-22,2022,5,234
2023-08-22,2023,5,234
1998-08-23,1998,1,235
1999-08-23,1999,0,235
2000-08-23,2000,2,236
2001-08-23,2001,NA,235
2002-08-23,2002,4,235
2003-08-23,2003,7,235
2004-08-23,2004,1,236
2005-08-23,2005,4,235
2006-08-23,2006,5,235
2007-08-23,2007,NA,235
2008-08-23,2008,NA,236
2009-08-23,2009,6,235
2010-08-23,2010,2,235
2011-08-23,2011,8,235
2012-08-23,2012,3,236
2013-08-23,2013,4,235
2014-08-23,2014,4,235
2015-08-23,2015,1,235
2016-08-23,2016,4,236
2017-08-23,2017,11,235
2018-08-23,2018,10,235
2019-08-23,2019,4,235
2020-08-23,2020,12,236
2021-08-23,2021,10,235
2022-08-23,2022,14,235
2023-08-23,2023,7,235
1998-08-24,1998,3,236
1999-08-24,1999,NA,236
2000-08-24,2000,7,237
2001-08-24,2001,5,236
2002-08-24,2002,10,236
2003-08-24,2003,5,236
2004-08-24,2004,NA,237
2005-08-24,2005,2,236
2006-08-24,2006,0,236
2007-08-24,2007,NA,236
2008-08-24,2008,NA,237
2009-08-24,2009,4,236
2010-08-24,2010,6,236
2011-08-24,2011,1,236
2012-08-24,2012,5,237
2013-08-24,2013,3,236
2014-08-24,2014,3,236
2015-08-24,2015,16,236
2016-08-24,2016,7,237
2017-08-24,2017,6,236
2018-08-24,2018,13,236
2019-08-24,2019,4,236
2020-08-24,2020,8,237
2021-08-24,2021,5,236
2022-08-24,2022,2,236
2023-08-24,2023,4,236
1998-08-25,1998,1,237
1999-08-25,1999,NA,237
2000-08-25,2000,NA,238
2001-08-25,2001,5,237
2002-08-25,2002,6,237
2003-08-25,2003,1,237
2004-08-25,2004,NA,238
2005-08-25,2005,2,237
2006-08-25,2006,2,237
2007-08-25,2007,NA,237
2008-08-25,2008,3,238
2009-08-25,2009,6,237
2010-08-25,2010,5,237
2011-08-25,2011,NA,237
2012-08-25,2012,3,238
2013-08-25,2013,5,237
2014-08-25,2014,1,237
2015-08-25,2015,11,237
2016-08-25,2016,15,238
2017-08-25,2017,4,237
2018-08-25,2018,18,237
2019-08-25,2019,15,237
2020-08-25,2020,6,238
2021-08-25,2021,8,237
2022-08-25,2022,3,237
2023-08-25,2023,1,237
1998-08-26,1998,0,238
1999-08-26,1999,7,238
2000-08-26,2000,6,239
2001-08-26,2001,8,238
2002-08-26,2002,6,238
2003-08-26,2003,12,238
2004-08-26,2004,6,239
2005-08-26,2005,3,238
2006-08-26,2006,4,238
2007-08-26,2007,NA,238
2008-08-26,2008,1,239
2009-08-26,2009,2,238
2010-08-26,2010,8,238
2011-08-26,2011,4,238
2012-08-26,2012,6,239
2013-08-26,2013,2,238
2014-08-26,2014,4,238
2015-08-26,2015,1,238
2016-08-26,2016,12,239
2017-08-26,2017,7,238
2018-08-26,2018,12,238
2019-08-26,2019,5,238
2020-08-26,2020,7,239
2021-08-26,2021,0,238
2022-08-26,2022,7,238
2023-08-26,2023,4,238
1998-08-27,1998,5,239
1999-08-27,1999,4,239
2000-08-27,2000,10,240
2001-08-27,2001,4,239
2002-08-27,2002,2,239
2003-08-27,2003,5,239
2004-08-27,2004,8,240
2005-08-27,2005,5,239
2006-08-27,2006,2,239
2007-08-27,2007,NA,239
2008-08-27,2008,2,240
2009-08-27,2009,NA,239
2010-08-27,2010,14,239
2011-08-27,2011,4,239
2012-08-27,2012,NA,240
2013-08-27,2013,0,239
2014-08-27,2014,2,239
2015-08-27,2015,5,239
2016-08-27,2016,26,240
2017-08-27,2017,5,239
2018-08-27,2018,4,239
2019-08-27,2019,8,239
2020-08-27,2020,25,240
2021-08-27,2021,12,239
2022-08-27,2022,10,239
2023-08-27,2023,6,239
1998-08-28,1998,8,240
1999-08-28,1999,NA,240
2000-08-28,2000,0,241
2001-08-28,2001,2,240
2002-08-28,2002,4,240
2003-08-28,2003,2,240
2004-08-28,2004,2,241
2005-08-28,2005,3,240
2006-08-28,2006,2,240
2007-08-28,2007,NA,240
2008-08-28,2008,NA,241
2009-08-28,2009,5,240
2010-08-28,2010,3,240
2011-08-28,2011,1,240
2012-08-28,2012,3,241
2013-08-28,2013,0,240
2014-08-28,2014,NA,240
2015-08-28,2015,1,240
2016-08-28,2016,13,241
2017-08-28,2017,3,240
2018-08-28,2018,10,240
2019-08-28,2019,6,240
2020-08-28,2020,12,241
2021-08-28,2021,3,240
2022-08-28,2022,12,240
2023-08-28,2023,13,240
1998-08-29,1998,17,241
1999-08-29,1999,NA,241
2000-08-29,2000,NA,242
2001-08-29,2001,12,241
2002-08-29,2002,10,241
2003-08-29,2003,8,241
2004-08-29,2004,8,242
2005-08-29,2005,5,241
2006-08-29,2006,10,241
2007-08-29,2007,NA,241
2008-08-29,2008,2,242
2009-08-29,2009,6,241
2010-08-29,2010,4,241
2011-08-29,2011,9,241
2012-08-29,2012,1,242
2013-08-29,2013,NA,241
2014-08-29,2014,NA,241
2015-08-29,2015,13,241
2016-08-29,2016,13,242
2017-08-29,2017,6,241
2018-08-29,2018,17,241
2019-08-29,2019,16,241
2020-08-29,2020,9,242
2021-08-29,2021,15,241
2022-08-29,2022,5,241
2023-08-29,2023,8,241
1998-08-30,1998,2,242
1999-08-30,1999,5,242
2000-08-30,2000,1,243
2001-08-30,2001,8,242
2002-08-30,2002,6,242
2003-08-30,2003,7,242
2004-08-30,2004,7,243
2005-08-30,2005,1,242
2006-08-30,2006,6,242
2007-08-30,2007,NA,242
2008-08-30,2008,6,243
2009-08-30,2009,4,242
2010-08-30,2010,14,242
2011-08-30,2011,3,242
2012-08-30,2012,3,243
2013-08-30,2013,4,242
2014-08-30,2014,0,242
2015-08-30,2015,2,242
2016-08-30,2016,9,243
2017-08-30,2017,5,242
2018-08-30,2018,18,242
2019-08-30,2019,0,242
2020-08-30,2020,9,243
2021-08-30,2021,12,242
2022-08-30,2022,8,242
2023-08-30,2023,8,242
1998-08-31,1998,5,243
1999-08-31,1999,5,243
2000-08-31,2000,4,244
2001-08-31,2001,14,243
2002-08-31,2002,10,243
2003-08-31,2003,8,243
2004-08-31,2004,2,244
2005-08-31,2005,3,243
2006-08-31,2006,10,243
2007-08-31,2007,NA,243
2008-08-31,2008,9,244
2009-08-31,2009,NA,243
2010-08-31,2010,NA,243
2011-08-31,2011,NA,243
2012-08-31,2012,5,244
2013-08-31,2013,6,243
2014-08-31,2014,6,243
2015-08-31,2015,2,243
2016-08-31,2016,8,244
2017-08-31,2017,NA,243
2018-08-31,2018,17,243
2019-08-31,2019,5,243
2020-08-31,2020,25,244
2021-08-31,2021,38,243
2022-08-31,2022,6,243
2023-08-31,2023,0,243
1998-09-01,1998,3,244
1999-09-01,1999,14,244
2000-09-01,2000,1,245
2001-09-01,2001,NA,244
2002-09-01,2002,6,244
2003-09-01,2003,3,244
2004-09-01,2004,12,245
2005-09-01,2005,12,244
2006-09-01,2006,4,244
2007-09-01,2007,NA,244
2008-09-01,2008,11,245
2009-09-01,2009,NA,244
2010-09-01,2010,18,244
2011-09-01,2011,6,244
2012-09-01,2012,8,245
2013-09-01,2013,7,244
2014-09-01,2014,5,244
2015-09-01,2015,NA,244
2016-09-01,2016,5,245
2017-09-01,2017,NA,244
2018-09-01,2018,17,244
2019-09-01,2019,14,244
2020-09-01,2020,9,245
2021-09-01,2021,7,244
2022-09-01,2022,12,244
2023-09-01,2023,6,244
1998-09-02,1998,3,245
1999-09-02,1999,4,245
2000-09-02,2000,3,246
2001-09-02,2001,16,245
2002-09-02,2002,NA,245
2003-09-02,2003,4,245
2004-09-02,2004,6,246
2005-09-02,2005,5,245
2006-09-02,2006,2,245
2007-09-02,2007,NA,245
2008-09-02,2008,6,246
2009-09-02,2009,5,245
2010-09-02,2010,5,245
2011-09-02,2011,5,245
2012-09-02,2012,13,246
2013-09-02,2013,2,245
2014-09-02,2014,NA,245
2015-09-02,2015,4,245
2016-09-02,2016,17,246
2017-09-02,2017,2,245
2018-09-02,2018,17,245
2019-09-02,2019,7,245
2020-09-02,2020,NA,246
2021-09-02,2021,6,245
2022-09-02,2022,10,245
2023-09-02,2023,10,245
1998-09-03,1998,4,246
1999-09-03,1999,3,246
2000-09-03,2000,25,247
2001-09-03,2001,12,246
2002-09-03,2002,4,246
2003-09-03,2003,8,246
2004-09-03,2004,5,247
2005-09-03,2005,9,246
2006-09-03,2006,0,246
2007-09-03,2007,NA,246
2008-09-03,2008,7,247
2009-09-03,2009,NA,246
2010-09-03,2010,10,246
2011-09-03,2011,21,246
2012-09-03,2012,7,247
2013-09-03,2013,2,246
2014-09-03,2014,NA,246
2015-09-03,2015,1,246
2016-09-03,2016,11,247
2017-09-03,2017,5,246
2018-09-03,2018,7,246
2019-09-03,2019,7,246
2020-09-03,2020,NA,247
2021-09-03,2021,6,246
2022-09-03,2022,11,246
2023-09-03,2023,12,246
1998-09-04,1998,3,247
1999-09-04,1999,6,247
2000-09-04,2000,21,248
2001-09-04,2001,NA,247
2002-09-04,2002,5,247
2003-09-04,2003,3,247
2004-09-04,2004,9,248
2005-09-04,2005,7,247
2006-09-04,2006,6,247
2007-09-04,2007,NA,247
2008-09-04,2008,21,248
2009-09-04,2009,4,247
2010-09-04,2010,6,247
2011-09-04,2011,8,247
2012-09-04,2012,3,248
2013-09-04,2013,NA,247
2014-09-04,2014,NA,247
2015-09-04,2015,4,247
2016-09-04,2016,8,248
2017-09-04,2017,5,247
2018-09-04,2018,12,247
2019-09-04,2019,8,247
2020-09-04,2020,NA,248
2021-09-04,2021,13,247
2022-09-04,2022,3,247
2023-09-04,2023,8,247
1998-09-05,1998,3,248
1999-09-05,1999,NA,248
2000-09-05,2000,9,249
2001-09-05,2001,NA,248
2002-09-05,2002,13,248
2003-09-05,2003,3,248
2004-09-05,2004,12,249
2005-09-05,2005,26,248
2006-09-05,2006,1,248
2007-09-05,2007,NA,248
2008-09-05,2008,4,249
2009-09-05,2009,4,248
2010-09-05,2010,14,248
2011-09-05,2011,8,248
2012-09-05,2012,10,249
2013-09-05,2013,NA,248
2014-09-05,2014,NA,248
2015-09-05,2015,10,248
2016-09-05,2016,28,249
2017-09-05,2017,NA,248
2018-09-05,2018,17,248
2019-09-05,2019,22,248
2020-09-05,2020,43,249
2021-09-05,2021,12,248
2022-09-05,2022,8,248
2023-09-05,2023,22,248
1998-09-06,1998,0,249
1999-09-06,1999,NA,249
2000-09-06,2000,9,250
2001-09-06,2001,NA,249
2002-09-06,2002,12,249
2003-09-06,2003,7,249
2004-09-06,2004,2,250
2005-09-06,2005,16,249
2006-09-06,2006,6,249
2007-09-06,2007,NA,249
2008-09-06,2008,3,250
2009-09-06,2009,2,249
2010-09-06,2010,NA,249
2011-09-06,2011,NA,249
2012-09-06,2012,NA,250
2013-09-06,2013,1,249
2014-09-06,2014,4,249
2015-09-06,2015,3,249
2016-09-06,2016,NA,250
2017-09-06,2017,NA,249
2018-09-06,2018,13,249
2019-09-06,2019,12,249
2020-09-06,2020,35,250
2021-09-06,2021,14,249
2022-09-06,2022,4,249
2023-09-06,2023,14,249
1998-09-07,1998,10,250
1999-09-07,1999,5,250
2000-09-07,2000,1,251
2001-09-07,2001,25,250
2002-09-07,2002,20,250
2003-09-07,2003,5,250
2004-09-07,2004,4,251
2005-09-07,2005,30,250
2006-09-07,2006,NA,250
2007-09-07,2007,NA,250
2008-09-07,2008,2,251
2009-09-07,2009,5,250
2010-09-07,2010,2,250
2011-09-07,2011,4,250
2012-09-07,2012,NA,251
2013-09-07,2013,2,250
2014-09-07,2014,6,250
2015-09-07,2015,21,250
2016-09-07,2016,NA,251
2017-09-07,2017,NA,250
2018-09-07,2018,18,250
2019-09-07,2019,4,250
2020-09-07,2020,12,251
2021-09-07,2021,28,250
2022-09-07,2022,16,250
2023-09-07,2023,20,250
1998-09-08,1998,3,251
1999-09-08,1999,8,251
2000-09-08,2000,18,252
2001-09-08,2001,50,251
2002-09-08,2002,NA,251
2003-09-08,2003,10,251
2004-09-08,2004,6,252
2005-09-08,2005,40,251
2006-09-08,2006,NA,251
2007-09-08,2007,NA,251
2008-09-08,2008,NA,252
2009-09-08,2009,6,251
2010-09-08,2010,8,251
2011-09-08,2011,8,251
2012-09-08,2012,6,252
2013-09-08,2013,10,251
2014-09-08,2014,4,251
2015-09-08,2015,9,251
2016-09-08,2016,NA,252
2017-09-08,2017,NA,251
2018-09-08,2018,7,251
2019-09-08,2019,9,251
2020-09-08,2020,22,252
2021-09-08,2021,20,251
2022-09-08,2022,6,251
2023-09-08,2023,53,251
1998-09-09,1998,NA,252
1999-09-09,1999,NA,252
2000-09-09,2000,1,253
2001-09-09,2001,40,252
2002-09-09,2002,23,252
2003-09-09,2003,12,252
2004-09-09,2004,9,253
2005-09-09,2005,21,252
2006-09-09,2006,NA,252
2007-09-09,2007,NA,252
2008-09-09,2008,51,253
2009-09-09,2009,5,252
2010-09-09,2010,20,252
2011-09-09,2011,4,252
2012-09-09,2012,3,253
2013-09-09,2013,NA,252
2014-09-09,2014,4,252
2015-09-09,2015,16,252
2016-09-09,2016,NA,253
2017-09-09,2017,NA,252
2018-09-09,2018,11,252
2019-09-09,2019,6,252
2020-09-09,2020,30,253
2021-09-09,2021,2,252
2022-09-09,2022,22,252
2023-09-09,2023,60,252
1998-09-10,1998,NA,253
1999-09-10,1999,3,253
2000-09-10,2000,120,254
2001-09-10,2001,50,253
2002-09-10,2002,25,253
2003-09-10,2003,6,253
2004-09-10,2004,14,254
2005-09-10,2005,34,253
2006-09-10,2006,NA,253
2007-09-10,2007,NA,253
2008-09-10,2008,38,254
2009-09-10,2009,NA,253
2010-09-10,2010,15,253
2011-09-10,2011,13,253
2012-09-10,2012,3,254
2013-09-10,2013,NA,253
2014-09-10,2014,36,253
2015-09-10,2015,NA,253
2016-09-10,2016,NA,254
2017-09-10,2017,24,253
2018-09-10,2018,7,253
2019-09-10,2019,18,253
2020-09-10,2020,16,254
2021-09-10,2021,81,253
2022-09-10,2022,16,253
2023-09-10,2023,38,253
1998-09-11,1998,NA,254
1999-09-11,1999,50,254
2000-09-11,2000,NA,255
2001-09-11,2001,22,254
2002-09-11,2002,31,254
2003-09-11,2003,14,254
2004-09-11,2004,10,255
2005-09-11,2005,30,254
2006-09-11,2006,NA,254
2007-09-11,2007,NA,254
2008-09-11,2008,NA,255
2009-09-11,2009,NA,254
2010-09-11,2010,13,254
2011-09-11,2011,4,254
2012-09-11,2012,46,255
2013-09-11,2013,NA,254
2014-09-11,2014,5,254
2015-09-11,2015,NA,254
2016-09-11,2016,8,255
2017-09-11,2017,12,254
2018-09-11,2018,5,254
2019-09-11,2019,30,254
2020-09-11,2020,17,255
2021-09-11,2021,0,254
2022-09-11,2022,24,254
2023-09-11,2023,16,254
1998-09-12,1998,NA,255
1999-09-12,1999,60,255
2000-09-12,2000,15,256
2001-09-12,2001,NA,255
2002-09-12,2002,51,255
2003-09-12,2003,72,255
2004-09-12,2004,32,256
2005-09-12,2005,20,255
2006-09-12,2006,NA,255
2007-09-12,2007,NA,255
2008-09-12,2008,NA,256
2009-09-12,2009,7,255
2010-09-12,2010,NA,255
2011-09-12,2011,12,255
2012-09-12,2012,63,256
2013-09-12,2013,22,255
2014-09-12,2014,17,255
2015-09-12,2015,55,255
2016-09-12,2016,NA,256
2017-09-12,2017,22,255
2018-09-12,2018,41,255
2019-09-12,2019,8,255
2020-09-12,2020,9,256
2021-09-12,2021,38,255
2022-09-12,2022,19,255
2023-09-12,2023,8,255
1998-09-13,1998,NA,256
1999-09-13,1999,5,256
2000-09-13,2000,NA,257
2001-09-13,2001,NA,256
2002-09-13,2002,37,256
2003-09-13,2003,105,256
2004-09-13,2004,NA,257
2005-09-13,2005,60,256
2006-09-13,2006,NA,256
2007-09-13,2007,NA,256
2008-09-13,2008,4,257
2009-09-13,2009,7,256
2010-09-13,2010,NA,256
2011-09-13,2011,0,256
2012-09-13,2012,64,257
2013-09-13,2013,23,256
2014-09-13,2014,42,256
2015-09-13,2015,32,256
2016-09-13,2016,NA,257
2017-09-13,2017,40,256
2018-09-13,2018,28,256
2019-09-13,2019,4,256
2020-09-13,2020,3,257
2021-09-13,2021,140,256
2022-09-13,2022,35,256
2023-09-13,2023,54,256
1998-09-14,1998,NA,257
1999-09-14,1999,3,257
2000-09-14,2000,96,258
2001-09-14,2001,2,257
2002-09-14,2002,45,257
2003-09-14,2003,35,257
2004-09-14,2004,75,258
2005-09-14,2005,50,257
2006-09-14,2006,350,257
2007-09-14,2007,NA,257
2008-09-14,2008,135,258
2009-09-14,2009,NA,257
2010-09-14,2010,22,257
2011-09-14,2011,18,257
2012-09-14,2012,46,258
2013-09-14,2013,5,257
2014-09-14,2014,87,257
2015-09-14,2015,NA,257
2016-09-14,2016,NA,258
2017-09-14,2017,45,257
2018-09-14,2018,85,257
2019-09-14,2019,4,257
2020-09-14,2020,17,258
2021-09-14,2021,33,257
2022-09-14,2022,29,257
2023-09-14,2023,8,257
1998-09-15,1998,NA,258
1999-09-15,1999,18,258
2000-09-15,2000,NA,259
2001-09-15,2001,62,258
2002-09-15,2002,80,258
2003-09-15,2003,69,258
2004-09-15,2004,25,259
2005-09-15,2005,150,258
2006-09-15,2006,160,258
2007-09-15,2007,NA,258
2008-09-15,2008,NA,259
2009-09-15,2009,NA,258
2010-09-15,2010,11,258
2011-09-15,2011,4,258
2012-09-15,2012,101,259
2013-09-15,2013,15,258
2014-09-15,2014,NA,258
2015-09-15,2015,NA,258
2016-09-15,2016,326,259
2017-09-15,2017,61,258
2018-09-15,2018,44,258
2019-09-15,2019,17,258
2020-09-15,2020,5,259
2021-09-15,2021,260,258
2022-09-15,2022,33,258
2023-09-15,2023,130,258
1998-09-16,1998,12,259
1999-09-16,1999,NA,259
2000-09-16,2000,40,260
2001-09-16,2001,40,259
2002-09-16,2002,NA,259
2003-09-16,2003,137,259
2004-09-16,2004,46,260
2005-09-16,2005,190,259
2006-09-16,2006,50,259
2007-09-16,2007,NA,259
2008-09-16,2008,75,260
2009-09-16,2009,1,259
2010-09-16,2010,14,259
2011-09-16,2011,14,259
2012-09-16,2012,92,260
2013-09-16,2013,NA,259
2014-09-16,2014,78,259
2015-09-16,2015,NA,259
2016-09-16,2016,330,260
2017-09-16,2017,80,259
2018-09-16,2018,28,259
2019-09-16,2019,14,259
2020-09-16,2020,50,260
2021-09-16,2021,NA,259
2022-09-16,2022,45,259
2023-09-16,2023,267,259
1998-09-17,1998,NA,260
1999-09-17,1999,50,260
2000-09-17,2000,15,261
2001-09-17,2001,50,260
2002-09-17,2002,230,260
2003-09-17,2003,18,260
2004-09-17,2004,300,261
2005-09-17,2005,5,260
2006-09-17,2006,NA,260
2007-09-17,2007,NA,260
2008-09-17,2008,57,261
2009-09-17,2009,150,260
2010-09-17,2010,15,260
2011-09-17,2011,61,260
2012-09-17,2012,70,261
2013-09-17,2013,138,260
2014-09-17,2014,14,260
2015-09-17,2015,NA,260
2016-09-17,2016,NA,261
2017-09-17,2017,100,260
2018-09-17,2018,101,260
2019-09-17,2019,30,260
2020-09-17,2020,60,261
2021-09-17,2021,NA,260
2022-09-17,2022,85,260
2023-09-17,2023,255,260
1998-09-18,1998,70,261
1999-09-18,1999,200,261
2000-09-18,2000,30,262
2001-09-18,2001,44,261
2002-09-18,2002,80,261
2003-09-18,2003,15,261
2004-09-18,2004,200,262
2005-09-18,2005,40,261
2006-09-18,2006,59,261
2007-09-18,2007,NA,261
2008-09-18,2008,26,262
2009-09-18,2009,NA,261
2010-09-18,2010,185,261
2011-09-18,2011,20,261
2012-09-18,2012,75,262
2013-09-18,2013,117,261
2014-09-18,2014,NA,261
2015-09-18,2015,20,261
2016-09-18,2016,188,262
2017-09-18,2017,NA,261
2018-09-18,2018,359,261
2019-09-18,2019,147,261
2020-09-18,2020,55,262
2021-09-18,2021,318,261
2022-09-18,2022,71,261
2023-09-18,2023,225,261
1998-09-19,1998,NA,262
1999-09-19,1999,350,262
2000-09-19,2000,46,263
2001-09-19,2001,NA,262
2002-09-19,2002,55,262
2003-09-19,2003,79,262
2004-09-19,2004,60,263
2005-09-19,2005,150,262
2006-09-19,2006,60,262
2007-09-19,2007,NA,262
2008-09-19,2008,1,263
2009-09-19,2009,2,262
2010-09-19,2010,NA,262
2011-09-19,2011,90,262
2012-09-19,2012,145,263
2013-09-19,2013,186,262
2014-09-19,2014,9,262
2015-09-19,2015,56,262
2016-09-19,2016,401,263
2017-09-19,2017,75,262
2018-09-19,2018,370,262
2019-09-19,2019,355,262
2020-09-19,2020,60,263
2021-09-19,2021,7,262
2022-09-19,2022,186,262
2023-09-19,2023,525,262
1998-09-20,1998,NA,263
1999-09-20,1999,NA,263
2000-09-20,2000,350,264
2001-09-20,2001,41,263
2002-09-20,2002,100,263
2003-09-20,2003,460,263
2004-09-20,2004,370,264
2005-09-20,2005,260,263
2006-09-20,2006,NA,263
2007-09-20,2007,NA,263
2008-09-20,2008,NA,264
2009-09-20,2009,245,263
2010-09-20,2010,390,263
2011-09-20,2011,244,263
2012-09-20,2012,140,264
2013-09-20,2013,180,263
2014-09-20,2014,215,263
2015-09-20,2015,10,263
2016-09-20,2016,430,264
2017-09-20,2017,NA,263
2018-09-20,2018,210,263
2019-09-20,2019,250,263
2020-09-20,2020,630,264
2021-09-20,2021,NA,263
2022-09-20,2022,110,263
2023-09-20,2023,180,263
1998-09-21,1998,NA,264
1999-09-21,1999,NA,264
2000-09-21,2000,NA,265
2001-09-21,2001,NA,264
2002-09-21,2002,475,264
2003-09-21,2003,520,264
2004-09-21,2004,220,265
2005-09-21,2005,90,264
2006-09-21,2006,69,264
2007-09-21,2007,NA,264
2008-09-21,2008,NA,265
2009-09-21,2009,300,264
2010-09-21,2010,450,264
2011-09-21,2011,301,264
2012-09-21,2012,46,265
2013-09-21,2013,70,264
2014-09-21,2014,221,264
2015-09-21,2015,220,264
2016-09-21,2016,401,265
2017-09-21,2017,NA,264
2018-09-21,2018,113,264
2019-09-21,2019,220,264
2020-09-21,2020,204,265
2021-09-21,2021,NA,264
2022-09-21,2022,NA,264
2023-09-21,2023,776,264
1998-09-22,1998,250,265
1999-09-22,1999,NA,265
2000-09-22,2000,NA,266
2001-09-22,2001,250,265
2002-09-22,2002,400,265
2003-09-22,2003,280,265
2004-09-22,2004,NA,266
2005-09-22,2005,175,265
2006-09-22,2006,458,265
2007-09-22,2007,NA,265
2008-09-22,2008,650,266
2009-09-22,2009,451,265
2010-09-22,2010,500,265
2011-09-22,2011,NA,265
2012-09-22,2012,NA,266
2013-09-22,2013,NA,265
2014-09-22,2014,NA,265
2015-09-22,2015,450,265
2016-09-22,2016,502,266
2017-09-22,2017,NA,265
2018-09-22,2018,450,265
2019-09-22,2019,21,265
2020-09-22,2020,325,266
2021-09-22,2021,600,265
2022-09-22,2022,NA,265
2023-09-22,2023,NA,265
1998-09-23,1998,NA,266
1999-09-23,1999,NA,266
2000-09-23,2000,250,267
2001-09-23,2001,310,266
2002-09-23,2002,300,266
2003-09-23,2003,180,266
2004-09-23,2004,500,267
2005-09-23,2005,250,266
2006-09-23,2006,350,266
2007-09-23,2007,NA,266
2008-09-23,2008,250,267
2009-09-23,2009,150,266
2010-09-23,2010,300,266
2011-09-23,2011,50,266
2012-09-23,2012,262,267
2013-09-23,2013,1,266
2014-09-23,2014,NA,266
2015-09-23,2015,NA,266
2016-09-23,2016,426,267
2017-09-23,2017,339,266
2018-09-23,2018,400,266
2019-09-23,2019,1,266
2020-09-23,2020,NA,267
2021-09-23,2021,484,266
2022-09-23,2022,200,266
2023-09-23,2023,1,266
1998-09-24,1998,12,267
1999-09-24,1999,120,267
2000-09-24,2000,22,268
2001-09-24,2001,140,267
2002-09-24,2002,350,267
2003-09-24,2003,375,267
2004-09-24,2004,200,268
2005-09-24,2005,350,267
2006-09-24,2006,400,267
2007-09-24,2007,NA,267
2008-09-24,2008,72,268
2009-09-24,2009,NA,267
2010-09-24,2010,NA,267
2011-09-24,2011,121,267
2012-09-24,2012,279,268
2013-09-24,2013,210,267
2014-09-24,2014,9,267
2015-09-24,2015,NA,267
2016-09-24,2016,210,268
2017-09-24,2017,397,267
2018-09-24,2018,41,267
2019-09-24,2019,250,267
2020-09-24,2020,178,268
2021-09-24,2021,600,267
2022-09-24,2022,405,267
2023-09-24,2023,202,267
1998-09-25,1998,NA,268
1999-09-25,1999,NA,268
2000-09-25,2000,144,269
2001-09-25,2001,225,268
2002-09-25,2002,270,268
2003-09-25,2003,425,268
2004-09-25,2004,600,269
2005-09-25,2005,310,268
2006-09-25,2006,NA,268
2007-09-25,2007,NA,268
2008-09-25,2008,NA,269
2009-09-25,2009,306,268
2010-09-25,2010,101,268
2011-09-25,2011,10,268
2012-09-25,2012,450,269
2013-09-25,2013,NA,268
2014-09-25,2014,150,268
2015-09-25,2015,75,268
2016-09-25,2016,303,269
2017-09-25,2017,NA,268
2018-09-25,2018,650,268
2019-09-25,2019,600,268
2020-09-25,2020,50,269
2021-09-25,2021,1200,268
2022-09-25,2022,2000,268
2023-09-25,2023,213,268
1998-09-26,1998,400,269
1999-09-26,1999,750,269
2000-09-26,2000,155,270
2001-09-26,2001,NA,269
2002-09-26,2002,200,269
2003-09-26,2003,275,269
2004-09-26,2004,760,270
2005-09-26,2005,210,269
2006-09-26,2006,NA,269
2007-09-26,2007,NA,269
2008-09-26,2008,160,270
2009-09-26,2009,450,269
2010-09-26,2010,250,269
2011-09-26,2011,NA,269
2012-09-26,2012,NA,270
2013-09-26,2013,NA,269
2014-09-26,2014,63,269
2015-09-26,2015,850,269
2016-09-26,2016,572,270
2017-09-26,2017,500,269
2018-09-26,2018,NA,269
2019-09-26,2019,550,269
2020-09-26,2020,50,270
2021-09-26,2021,89,269
2022-09-26,2022,500,269
2023-09-26,2023,36,269
1998-09-27,1998,NA,270
1999-09-27,1999,1100,270
2000-09-27,2000,130,271
2001-09-27,2001,180,270
2002-09-27,2002,80,270
2003-09-27,2003,330,270
2004-09-27,2004,400,271
2005-09-27,2005,450,270
2006-09-27,2006,325,270
2007-09-27,2007,NA,270
2008-09-27,2008,25,271
2009-09-27,2009,600,270
2010-09-27,2010,118,270
2011-09-27,2011,NA,270
2012-09-27,2012,466,271
2013-09-27,2013,NA,270
2014-09-27,2014,420,270
2015-09-27,2015,216,270
2016-09-27,2016,NA,271
2017-09-27,2017,NA,270
2018-09-27,2018,NA,270
2019-09-27,2019,800,270
2020-09-27,2020,465,271
2021-09-27,2021,400,270
2022-09-27,2022,480,270
2023-09-27,2023,150,270
1998-09-28,1998,NA,271
1999-09-28,1999,500,271
2000-09-28,2000,80,272
2001-09-28,2001,150,271
2002-09-28,2002,122,271
2003-09-28,2003,280,271
2004-09-28,2004,700,272
2005-09-28,2005,350,271
2006-09-28,2006,350,271
2007-09-28,2007,NA,271
2008-09-28,2008,500,272
2009-09-28,2009,600,271
2010-09-28,2010,125,271
2011-09-28,2011,NA,271
2012-09-28,2012,127,272
2013-09-28,2013,NA,271
2014-09-28,2014,350,271
2015-09-28,2015,507,271
2016-09-28,2016,NA,272
2017-09-28,2017,NA,271
2018-09-28,2018,NA,271
2019-09-28,2019,300,271
2020-09-28,2020,850,272
2021-09-28,2021,160,271
2022-09-28,2022,750,271
2023-09-28,2023,261,271
1998-09-29,1998,NA,272
1999-09-29,1999,520,272
2000-09-29,2000,80,273
2001-09-29,2001,57,272
2002-09-29,2002,150,272
2003-09-29,2003,220,272
2004-09-29,2004,750,273
2005-09-29,2005,NA,272
2006-09-29,2006,300,272
2007-09-29,2007,NA,272
2008-09-29,2008,465,273
2009-09-29,2009,160,272
2010-09-29,2010,1201,272
2011-09-29,2011,NA,272
2012-09-29,2012,380,273
2013-09-29,2013,NA,272
2014-09-29,2014,495,272
2015-09-29,2015,242,272
2016-09-29,2016,NA,273
2017-09-29,2017,NA,272
2018-09-29,2018,245,272
2019-09-29,2019,250,272
2020-09-29,2020,850,273
2021-09-29,2021,15,272
2022-09-29,2022,520,272
2023-09-29,2023,1600,272
1998-09-30,1998,NA,273
1999-09-30,1999,980,273
2000-09-30,2000,NA,274
2001-09-30,2001,300,273
2002-09-30,2002,70,273
2003-09-30,2003,9,273
2004-09-30,2004,600,274
2005-09-30,2005,400,273
2006-09-30,2006,240,273
2007-09-30,2007,NA,273
2008-09-30,2008,250,274
2009-09-30,2009,250,273
2010-09-30,2010,780,273
2011-09-30,2011,NA,273
2012-09-30,2012,430,274
2013-09-30,2013,NA,273
2014-09-30,2014,275,273
2015-09-30,2015,550,273
2016-09-30,2016,NA,274
2017-09-30,2017,253,273
2018-09-30,2018,1,273
2019-09-30,2019,185,273
2020-09-30,2020,450,274
2021-09-30,2021,65,273
2022-09-30,2022,1400,273
2023-09-30,2023,1700,273
1998-10-01,1998,NA,274
1999-10-01,1999,893,274
2000-10-01,2000,330,275
2001-10-01,2001,130,274
2002-10-01,2002,200,274
2003-10-01,2003,500,274
2004-10-01,2004,300,275
2005-10-01,2005,350,274
2006-10-01,2006,390,274
2007-10-01,2007,NA,274
2008-10-01,2008,160,275
2009-10-01,2009,51,274
2010-10-01,2010,700,274
2011-10-01,2011,NA,274
2012-10-01,2012,462,275
2013-10-01,2013,NA,274
2014-10-01,2014,950,274
2015-10-01,2015,817,274
2016-10-01,2016,650,275
2017-10-01,2017,574,274
2018-10-01,2018,36,274
2019-10-01,2019,220,274
2020-10-01,2020,400,275
2021-10-01,2021,885,274
2022-10-01,2022,1400,274
2023-10-01,2023,1180,274
1998-10-02,1998,NA,275
1999-10-02,1999,430,275
2000-10-02,2000,330,276
2001-10-02,2001,300,275
2002-10-02,2002,70,275
2003-10-02,2003,330,275
2004-10-02,2004,550,276
2005-10-02,2005,150,275
2006-10-02,2006,300,275
2007-10-02,2007,NA,275
2008-10-02,2008,228,276
2009-10-02,2009,NA,275
2010-10-02,2010,1334,275
2011-10-02,2011,NA,275
2012-10-02,2012,355,276
2013-10-02,2013,NA,275
2014-10-02,2014,NA,275
2015-10-02,2015,250,275
2016-10-02,2016,450,276
2017-10-02,2017,594,275
2018-10-02,2018,150,275
2019-10-02,2019,280,275
2020-10-02,2020,1050,276
2021-10-02,2021,724,275
2022-10-02,2022,1000,275
2023-10-02,2023,7,275
1998-10-03,1998,NA,276
1999-10-03,1999,370,276
2000-10-03,2000,20,277
2001-10-03,2001,220,276
2002-10-03,2002,NA,276
2003-10-03,2003,1,276
2004-10-03,2004,600,277
2005-10-03,2005,57,276
2006-10-03,2006,350,276
2007-10-03,2007,NA,276
2008-10-03,2008,NA,277
2009-10-03,2009,350,276
2010-10-03,2010,255,276
2011-10-03,2011,NA,276
2012-10-03,2012,95,277
2013-10-03,2013,256,276
2014-10-03,2014,821,276
2015-10-03,2015,5,276
2016-10-03,2016,337,277
2017-10-03,2017,525,276
2018-10-03,2018,315,276
2019-10-03,2019,223,276
2020-10-03,2020,870,277
2021-10-03,2021,800,276
2022-10-03,2022,1100,276
2023-10-03,2023,365,276
1998-10-04,1998,NA,277
1999-10-04,1999,115,277
2000-10-04,2000,27,278
2001-10-04,2001,125,277
2002-10-04,2002,100,277
2003-10-04,2003,55,277
2004-10-04,2004,300,278
2005-10-04,2005,250,277
2006-10-04,2006,100,277
2007-10-04,2007,NA,277
2008-10-04,2008,48,278
2009-10-04,2009,357,277
2010-10-04,2010,NA,277
2011-10-04,2011,NA,277
2012-10-04,2012,252,278
2013-10-04,2013,415,277
2014-10-04,2014,7,277
2015-10-04,2015,46,277
2016-10-04,2016,50,278
2017-10-04,2017,307,277
2018-10-04,2018,500,277
2019-10-04,2019,170,277
2020-10-04,2020,1040,278
2021-10-04,2021,1050,277
2022-10-04,2022,580,277
2023-10-04,2023,185,277
1998-10-05,1998,NA,278
1999-10-05,1999,120,278
2000-10-05,2000,12,279
2001-10-05,2001,75,278
2002-10-05,2002,150,278
2003-10-05,2003,208,278
2004-10-05,2004,0,279
2005-10-05,2005,100,278
2006-10-05,2006,200,278
2007-10-05,2007,NA,278
2008-10-05,2008,44,279
2009-10-05,2009,4,278
2010-10-05,2010,NA,278
2011-10-05,2011,NA,278
2012-10-05,2012,27,279
2013-10-05,2013,186,278
2014-10-05,2014,490,278
2015-10-05,2015,153,278
2016-10-05,2016,54,279
2017-10-05,2017,232,278
2018-10-05,2018,296,278
2019-10-05,2019,130,278
2020-10-05,2020,355,279
2021-10-05,2021,115,278
2022-10-05,2022,2375,278
2023-10-05,2023,1432,278
1998-10-06,1998,95,279
1999-10-06,1999,NA,279
2000-10-06,2000,2,280
2001-10-06,2001,90,279
2002-10-06,2002,75,279
2003-10-06,2003,200,279
2004-10-06,2004,380,280
2005-10-06,2005,1,279
2006-10-06,2006,21,279
2007-10-06,2007,NA,279
2008-10-06,2008,38,280
2009-10-06,2009,15,279
2010-10-06,2010,280,279
2011-10-06,2011,255,279
2012-10-06,2012,62,280
2013-10-06,2013,588,279
2014-10-06,2014,227,279
2015-10-06,2015,59,279
2016-10-06,2016,265,280
2017-10-06,2017,NA,279
2018-10-06,2018,680,279
2019-10-06,2019,530,279
2020-10-06,2020,1000,280
2021-10-06,2021,58,279
2022-10-06,2022,1300,279
2023-10-06,2023,601,279
1998-10-07,1998,NA,280
1999-10-07,1999,NA,280
2000-10-07,2000,40,281
2001-10-07,2001,4,280
2002-10-07,2002,54,280
2003-10-07,2003,200,280
2004-10-07,2004,160,281
2005-10-07,2005,90,280
2006-10-07,2006,124,280
2007-10-07,2007,NA,280
2008-10-07,2008,50,281
2009-10-07,2009,41,280
2010-10-07,2010,240,280
2011-10-07,2011,420,280
2012-10-07,2012,265,281
2013-10-07,2013,113,280
2014-10-07,2014,120,280
2015-10-07,2015,NA,280
2016-10-07,2016,39,281
2017-10-07,2017,220,280
2018-10-07,2018,NA,280
2019-10-07,2019,NA,280
2020-10-07,2020,240,281
2021-10-07,2021,170,280
2022-10-07,2022,975,280
2023-10-07,2023,600,280
1998-10-08,1998,NA,281
1999-10-08,1999,65,281
2000-10-08,2000,2,282
2001-10-08,2001,NA,281
2002-10-08,2002,NA,281
2003-10-08,2003,262,281
2004-10-08,2004,NA,282
2005-10-08,2005,80,281
2006-10-08,2006,NA,281
2007-10-08,2007,NA,281
2008-10-08,2008,244,282
2009-10-08,2009,NA,281
2010-10-08,2010,NA,281
2011-10-08,2011,162,281
2012-10-08,2012,60,282
2013-10-08,2013,400,281
2014-10-08,2014,90,281
2015-10-08,2015,2,281
2016-10-08,2016,NA,282
2017-10-08,2017,75,281
2018-10-08,2018,9,281
2019-10-08,2019,43,281
2020-10-08,2020,1000,282
2021-10-08,2021,340,281
2022-10-08,2022,910,281
2023-10-08,2023,305,281
1998-10-09,1998,NA,282
1999-10-09,1999,270,282
2000-10-09,2000,NA,283
2001-10-09,2001,NA,282
2002-10-09,2002,NA,282
2003-10-09,2003,NA,282
2004-10-09,2004,NA,283
2005-10-09,2005,75,282
2006-10-09,2006,85,282
2007-10-09,2007,NA,282
2008-10-09,2008,NA,283
2009-10-09,2009,5,282
2010-10-09,2010,69,282
2011-10-09,2011,634,282
2012-10-09,2012,149,283
2013-10-09,2013,170,282
2014-10-09,2014,28,282
2015-10-09,2015,60,282
2016-10-09,2016,325,283
2017-10-09,2017,76,282
2018-10-09,2018,246,282
2019-10-09,2019,55,282
2020-10-09,2020,60,283
2021-10-09,2021,269,282
2022-10-09,2022,1000,282
2023-10-09,2023,85,282
1998-10-10,1998,NA,283
1999-10-10,1999,89,283
2000-10-10,2000,15,284
2001-10-10,2001,NA,283
2002-10-10,2002,NA,283
2003-10-10,2003,180,283
2004-10-10,2004,25,284
2005-10-10,2005,NA,283
2006-10-10,2006,270,283
2007-10-10,2007,NA,283
2008-10-10,2008,19,284
2009-10-10,2009,5,283
2010-10-10,2010,104,283
2011-10-10,2011,NA,283
2012-10-10,2012,13,284
2013-10-10,2013,15,283
2014-10-10,2014,316,283
2015-10-10,2015,50,283
2016-10-10,2016,81,284
2017-10-10,2017,NA,283
2018-10-10,2018,250,283
2019-10-10,2019,126,283
2020-10-10,2020,300,284
2021-10-10,2021,36,283
2022-10-10,2022,175,283
2023-10-10,2023,257,283
1998-10-11,1998,25,284
1999-10-11,1999,71,284
2000-10-11,2000,32,285
2001-10-11,2001,NA,284
2002-10-11,2002,NA,284
2003-10-11,2003,28,284
2004-10-11,2004,60,285
2005-10-11,2005,95,284
2006-10-11,2006,30,284
2007-10-11,2007,NA,284
2008-10-11,2008,48,285
2009-10-11,2009,7,284
2010-10-11,2010,40,284
2011-10-11,2011,NA,284
2012-10-11,2012,2,285
2013-10-11,2013,136,284
2014-10-11,2014,NA,284
2015-10-11,2015,5,284
2016-10-11,2016,105,285
2017-10-11,2017,NA,284
2018-10-11,2018,140,284
2019-10-11,2019,90,284
2020-10-11,2020,NA,285
2021-10-11,2021,93,284
2022-10-11,2022,810,284
2023-10-11,2023,54,284
1998-10-12,1998,NA,285
1999-10-12,1999,NA,285
2000-10-12,2000,3,286
2001-10-12,2001,NA,285
2002-10-12,2002,137,285
2003-10-12,2003,NA,285
2004-10-12,2004,50,286
2005-10-12,2005,40,285
2006-10-12,2006,NA,285
2007-10-12,2007,NA,285
2008-10-12,2008,7,286
2009-10-12,2009,2,285
2010-10-12,2010,NA,285
2011-10-12,2011,NA,285
2012-10-12,2012,NA,286
2013-10-12,2013,41,285
2014-10-12,2014,2,285
2015-10-12,2015,NA,285
2016-10-12,2016,80,286
2017-10-12,2017,15,285
2018-10-12,2018,150,285
2019-10-12,2019,45,285
2020-10-12,2020,800,286
2021-10-12,2021,50,285
2022-10-12,2022,400,285
2023-10-12,2023,96,285
1998-10-13,1998,NA,286
1999-10-13,1999,10,286
2000-10-13,2000,NA,287
2001-10-13,2001,NA,286
2002-10-13,2002,48,286
2003-10-13,2003,40,286
2004-10-13,2004,130,287
2005-10-13,2005,NA,286
2006-10-13,2006,NA,286
2007-10-13,2007,NA,286
2008-10-13,2008,0,287
2009-10-13,2009,NA,286
2010-10-13,2010,71,286
2011-10-13,2011,120,286
2012-10-13,2012,NA,287
2013-10-13,2013,167,286
2014-10-13,2014,179,286
2015-10-13,2015,51,286
2016-10-13,2016,5,287
2017-10-13,2017,10,286
2018-10-13,2018,71,286
2019-10-13,2019,42,286
2020-10-13,2020,29,287
2021-10-13,2021,40,286
2022-10-13,2022,74,286
2023-10-13,2023,260,286
1998-10-14,1998,NA,287
1999-10-14,1999,16,287
2000-10-14,2000,10,288
2001-10-14,2001,NA,287
2002-10-14,2002,64,287
2003-10-14,2003,60,287
2004-10-14,2004,171,288
2005-10-14,2005,NA,287
2006-10-14,2006,NA,287
2007-10-14,2007,NA,287
2008-10-14,2008,6,288
2009-10-14,2009,NA,287
2010-10-14,2010,28,287
2011-10-14,2011,26,287
2012-10-14,2012,NA,288
2013-10-14,2013,105,287
2014-10-14,2014,44,287
2015-10-14,2015,125,287
2016-10-14,2016,NA,288
2017-10-14,2017,19,287
2018-10-14,2018,48,287
2019-10-14,2019,25,287
2020-10-14,2020,350,288
2021-10-14,2021,NA,287
2022-10-14,2022,250,287
2023-10-14,2023,54,287
1998-10-15,1998,NA,288
1999-10-15,1999,NA,288
2000-10-15,2000,10,289
2001-10-15,2001,NA,288
2002-10-15,2002,38,288
2003-10-15,2003,NA,288
2004-10-15,2004,100,289
2005-10-15,2005,43,288
2006-10-15,2006,NA,288
2007-10-15,2007,NA,288
2008-10-15,2008,NA,289
2009-10-15,2009,NA,288
2010-10-15,2010,NA,288
2011-10-15,2011,75,288
2012-10-15,2012,25,289
2013-10-15,2013,47,288
2014-10-15,2014,NA,288
2015-10-15,2015,78,288
2016-10-15,2016,NA,289
2017-10-15,2017,39,288
2018-10-15,2018,34,288
2019-10-15,2019,0,288
2020-10-15,2020,27,289
2021-10-15,2021,NA,288
2022-10-15,2022,38,288
2023-10-15,2023,131,288
1998-10-16,1998,0,289
1999-10-16,1999,NA,289
2000-10-16,2000,0,290
2001-10-16,2001,NA,289
2002-10-16,2002,25,289
2003-10-16,2003,NA,289
2004-10-16,2004,120,290
2005-10-16,2005,5,289
2006-10-16,2006,NA,289
2007-10-16,2007,NA,289
2008-10-16,2008,NA,290
2009-10-16,2009,NA,289
2010-10-16,2010,30,289
2011-10-16,2011,60,289
2012-10-16,2012,12,290
2013-10-16,2013,56,289
2014-10-16,2014,0,289
2015-10-16,2015,30,289
2016-10-16,2016,35,290
2017-10-16,2017,6,289
2018-10-16,2018,42,289
2019-10-16,2019,16,289
2020-10-16,2020,NA,290
2021-10-16,2021,1,289
2022-10-16,2022,95,289
2023-10-16,2023,NA,289
1998-10-17,1998,NA,290
1999-10-17,1999,NA,290
2000-10-17,2000,4,291
2001-10-17,2001,NA,290
2002-10-17,2002,26,290
2003-10-17,2003,NA,290
2004-10-17,2004,NA,291
2005-10-17,2005,NA,290
2006-10-17,2006,NA,290
2007-10-17,2007,NA,290
2008-10-17,2008,2,291
2009-10-17,2009,NA,290
2010-10-17,2010,13,290
2011-10-17,2011,31,290
2012-10-17,2012,27,291
2013-10-17,2013,92,290
2014-10-17,2014,49,290
2015-10-17,2015,110,290
2016-10-17,2016,50,291
2017-10-17,2017,3,290
2018-10-17,2018,25,290
2019-10-17,2019,5,290
2020-10-17,2020,138,291
2021-10-17,2021,7,290
2022-10-17,2022,75,290
2023-10-17,2023,NA,290
1998-10-18,1998,12,291
1999-10-18,1999,NA,291
2000-10-18,2000,NA,292
2001-10-18,2001,NA,291
2002-10-18,2002,14,291
2003-10-18,2003,6,291
2004-10-18,2004,26,292
2005-10-18,2005,10,291
2006-10-18,2006,NA,291
2007-10-18,2007,NA,291
2008-10-18,2008,NA,292
2009-10-18,2009,7,291
2010-10-18,2010,0,291
2011-10-18,2011,9,291
2012-10-18,2012,25,292
2013-10-18,2013,17,291
2014-10-18,2014,82,291
2015-10-18,2015,47,291
2016-10-18,2016,60,292
2017-10-18,2017,NA,291
2018-10-18,2018,42,291
2019-10-18,2019,0,291
2020-10-18,2020,4,292
2021-10-18,2021,17,291
2022-10-18,2022,10,291
2023-10-18,2023,NA,291
1998-10-19,1998,NA,292
1999-10-19,1999,18,292
2000-10-19,2000,NA,293
2001-10-19,2001,NA,292
2002-10-19,2002,8,292
2003-10-19,2003,NA,292
2004-10-19,2004,NA,293
2005-10-19,2005,NA,292
2006-10-19,2006,NA,292
2007-10-19,2007,NA,292
2008-10-19,2008,NA,293
2009-10-19,2009,NA,292
2010-10-19,2010,NA,292
2011-10-19,2011,12,292
2012-10-19,2012,NA,293
2013-10-19,2013,NA,292
2014-10-19,2014,NA,292
2015-10-19,2015,NA,292
2016-10-19,2016,NA,293
2017-10-19,2017,NA,292
2018-10-19,2018,NA,292
2019-10-19,2019,NA,292
2020-10-19,2020,NA,293
2021-10-19,2021,NA,292
2022-10-19,2022,NA,292
2023-10-19,2023,NA,292
1998-10-20,1998,NA,293
1999-10-20,1999,10,293
2000-10-20,2000,NA,294
2001-10-20,2001,NA,293
2002-10-20,2002,17,293
2003-10-20,2003,NA,293
2004-10-20,2004,NA,294
2005-10-20,2005,NA,293
2006-10-20,2006,NA,293
2007-10-20,2007,NA,293
2008-10-20,2008,NA,294
2009-10-20,2009,NA,293
2010-10-20,2010,NA,293
2011-10-20,2011,5,293
2012-10-20,2012,NA,294
2013-10-20,2013,NA,293
2014-10-20,2014,NA,293
2015-10-20,2015,NA,293
2016-10-20,2016,NA,294
2017-10-20,2017,NA,293
2018-10-20,2018,NA,293
2019-10-20,2019,NA,293
2020-10-20,2020,NA,294
2021-10-20,2021,NA,293
2022-10-20,2022,NA,293
2023-10-20,2023,NA,293
1998-10-21,1998,NA,294
1999-10-21,1999,NA,294
2000-10-21,2000,NA,295
2001-10-21,2001,NA,294
2002-10-21,2002,9,294
2003-10-21,2003,NA,294
2004-10-21,2004,NA,295
2005-10-21,2005,NA,294
2006-10-21,2006,NA,294
2007-10-21,2007,NA,294
2008-10-21,2008,NA,295
2009-10-21,2009,NA,294
2010-10-21,2010,NA,294
2011-10-21,2011,NA,294
2012-10-21,2012,NA,295
2013-10-21,2013,NA,294
2014-10-21,2014,NA,294
2015-10-21,2015,NA,294
2016-10-21,2016,NA,295
2017-10-21,2017,NA,294
2018-10-21,2018,NA,294
2019-10-21,2019,NA,294
2020-10-21,2020,NA,295
2021-10-21,2021,NA,294
2022-10-21,2022,NA,294
2023-10-21,2023,NA,294
